model,ttft_mean_of_run_p50,ttft_mean_of_run_p90,ttft_mean_of_run_p99,n_runs
gpt-oss-120b,0.4390178571428571,2.3509214285714286,10.456026785714286,56
nemotron-super,,,,0
qwen3-coder-30b,0.3996724137931034,1.8311120689655171,3.6190275862068964,58
